{
  "mean_train": -1.9844234041803623e-19,
  "std_train": 1.0000000000000002,
  "min_train": -12.791863885874626,
  "max_train": 12.040636141253373
}